	type	gender	smoking history	cancer
6593-Solid Tissue Normal	Solid Tissue Normal	female	4	LUAD
4488-Solid Tissue Normal	Solid Tissue Normal	female	3	LUAD
5930-Solid Tissue Normal	Solid Tissue Normal	male	0	LUAD
5420-Solid Tissue Normal	Solid Tissue Normal	male	4	LUAD
5939-Solid Tissue Normal	Solid Tissue Normal	male	3	LUAD
5932-Solid Tissue Normal	Solid Tissue Normal	male	0	LUAD
4631-Solid Tissue Normal	Solid Tissue Normal	female	4	LUAD
5931-Solid Tissue Normal	Solid Tissue Normal	female	4	LUAD
5935-Solid Tissue Normal	Solid Tissue Normal	female	0	LUAD
5643-Solid Tissue Normal	Solid Tissue Normal	male	2	LUAD
a4tf-Primary solid Tumor	Primary solid Tumor	female	4	LUAD
4514-Primary solid Tumor	Primary solid Tumor	female	3	LUAD
8280-Primary solid Tumor	Primary solid Tumor	female	1	LUAD
8085-Primary solid Tumor	Primary solid Tumor	male	2	LUAD
8398-Primary solid Tumor	Primary solid Tumor	male	4	LUAD
8395-Primary solid Tumor	Primary solid Tumor	female	1	LUAD
aarn-Primary solid Tumor	Primary solid Tumor	female	5	LUAD
8397-Primary solid Tumor	Primary solid Tumor	female	1	LUAD
7027-Primary solid Tumor	Primary solid Tumor	male	2	LUAD
6147-Primary solid Tumor	Primary solid Tumor	female	3	LUAD
4721-Solid Tissue Normal	Solid Tissue Normal	male	4	LUSC
5592-Solid Tissue Normal	Solid Tissue Normal	male	3	LUSC
4566-Solid Tissue Normal	Solid Tissue Normal	male	2	LUSC
5480-Solid Tissue Normal	Solid Tissue Normal	female	4	LUSC
3920-Solid Tissue Normal	Solid Tissue Normal	male	4	LUSC
5021-Solid Tissue Normal	Solid Tissue Normal	male	4	LUSC
5668-Solid Tissue Normal	Solid Tissue Normal	male	3	LUSC
5036-Solid Tissue Normal	Solid Tissue Normal	male	4	LUSC
5016-Solid Tissue Normal	Solid Tissue Normal	male	4	LUSC
5031-Solid Tissue Normal	Solid Tissue Normal	female	4	LUSC
a46j-Primary solid Tumor	Primary solid Tumor	male	2	LUSC
a5mh-Primary solid Tumor	Primary solid Tumor	male	5	LUSC
a4wn-Primary solid Tumor	Primary solid Tumor	male	2	LUSC
a5mt-Primary solid Tumor	Primary solid Tumor	male	4	LUSC
6546-Primary solid Tumor	Primary solid Tumor	male	4	LUSC
8664-Primary solid Tumor	Primary solid Tumor	male	2	LUSC
a49d-Primary solid Tumor	Primary solid Tumor	male	4	LUSC
8304-Primary solid Tumor	Primary solid Tumor	female	2	LUSC
8170-Primary solid Tumor	Primary solid Tumor	female	4	LUSC
5031-Primary solid Tumor	Primary solid Tumor	female	4	LUSC
